{"cameraMode":{"drawMode":0,"name":"Shaded","section":"Shading Mode"},"sceneLighting":false,"audioPlay":false,"sceneViewState":{"m_AlwaysRefresh":false,"showFog":true,"showSkybox":false,"showFlares":true,"showImageEffects":true,"showParticleSystems":true,"showVisualEffectGraphs":true,"m_FxEnabled":true},"in2DMode":false,"pivot":{"x":-6.0382585525512699,"y":3.3239569664001467,"z":-2.9209747314453127},"rotation":{"x":-0.11576712131500244,"y":0.8160610198974609,"z":-0.17547303438186646,"w":-0.5384009480476379},"size":14.676472663879395,"orthographic":false}