{"cameraMode":{"drawMode":0,"name":"Shaded","section":"Shading Mode"},"sceneLighting":false,"audioPlay":false,"sceneViewState":{"m_AlwaysRefresh":false,"showFog":true,"showSkybox":false,"showFlares":true,"showImageEffects":true,"showParticleSystems":true,"showVisualEffectGraphs":true,"m_FxEnabled":true},"in2DMode":false,"pivot":{"x":0.07961262762546539,"y":0.044471368193626407,"z":-0.9947764277458191},"rotation":{"x":-0.3392254412174225,"y":-0.46100062131881716,"z":0.1961342990398407,"w":-0.7962757349014282},"size":0.8341127038002014,"orthographic":false}